,DHSID,DHSCC,DHSYEAR,v001,DHSREGCO,DHSREGNA,SOURCE,URBAN_RURA,LATNUM,wt,dPrevU5,pc_bas_w,pc_bas_s,pc_imp_h,pc_Wnoed
0,CI201200000001,CI,2012.0,1.0,9.0,Sud sans Abidjan,GPS,R,5.973453,1.80315,0.0416666666666666,27.160493827160494,11.728395061728394,0.0,72.41379310344827
1,CI201200000002,CI,2012.0,2.0,8.0,Ouest,GPS,R,6.462503,0.997934,0.2333333333333333,69.66292134831461,0.0,0.9803921568627452,74.07407407407408
2,CI201200000003,CI,2012.0,3.0,8.0,Ouest,GPS,R,7.274597,0.192455,0.0909090909090909,48.21428571428572,0.0,0.0,62.5
3,CI201200000004,CI,2012.0,4.0,6.0,Nord-Est,GPS,R,7.731449,0.470353,0.1481481481481481,87.59124087591242,2.9197080291970803,0.0,47.82608695652174
4,CI201200000005,CI,2012.0,5.0,3.0,Centre-Nord,GPS,U,7.71383,0.922173,0.2105263157894736,100.0,18.461538461538463,15.625,65.38461538461539
5,CI201200000006,CI,2012.0,6.0,1.0,Centre,GPS,R,7.745866,0.570016,0.0,43.03797468354431,5.063291139240507,0.0,100.0
6,CI201200000007,CI,2012.0,7.0,1.0,Centre,GPS,U,6.643734,0.925392,0.0769230769230769,100.0,100.0,63.92405063291139,9.30232558139535
7,CI201200000008,CI,2012.0,8.0,8.0,Ouest,GPS,R,6.892448,0.543785,0.28,19.806763285024157,30.434782608695656,0.0,61.11111111111112
8,CI201200000009,CI,2012.0,9.0,11.0,Ville D'Abidjan,GPS,U,5.358886,1.012745,0.0,100.0,100.0,82.20858895705521,16.3265306122449
9,CI201200000010,CI,2012.0,10.0,8.0,Ouest,GPS,U,7.41094,0.897664,0.3636363636363636,100.0,8.641975308641975,100.0,85.71428571428571
10,CI201200000011,CI,2012.0,11.0,3.0,Centre-Nord,GPS,U,7.714617,0.572191,0.125,75.49668874172185,37.74834437086093,64.19753086419753,64.51612903225806
11,CI201200000012,CI,2012.0,12.0,10.0,Sud-Ouest,GPS,U,5.779923,0.635868,0.0,74.73684210526315,33.68421052631579,53.191489361702125,30.0
12,CI201200000013,CI,2012.0,13.0,4.0,Centre-Ouest,GPS,R,6.370819,0.849758,0.3636363636363636,82.56880733944955,5.504587155963304,32.55813953488372,62.96296296296296
13,CI201200000014,CI,2012.0,14.0,10.0,Sud-Ouest,GPS,R,4.819801,0.158611,0.125,8.823529411764707,0.0,0.0,61.11111111111112
14,CI201200000015,CI,2012.0,15.0,9.0,Sud sans Abidjan,GPS,R,6.150866,1.486792,0.0909090909090909,36.66666666666666,4.166666666666666,0.0,90.47619047619048
15,CI201200000016,CI,2012.0,16.0,9.0,Sud sans Abidjan,GPS,R,6.111719,1.771654,0.125,46.913580246913575,17.28395061728395,30.434782608695656,65.38461538461539
16,CI201200000017,CI,2012.0,17.0,1.0,Centre,GPS,R,6.356634,0.521256,0.3,82.17054263565892,0.0,2.4,50.0
17,CI201200000018,CI,2012.0,18.0,6.0,Nord-Est,GPS,R,8.246031,0.753271,0.1818181818181818,92.7927927927928,0.0,25.0,85.71428571428571
18,CI201200000019,CI,2012.0,19.0,11.0,Ville D'Abidjan,GPS,U,5.26283,2.313948,0.1818181818181818,100.0,91.25,89.01098901098901,13.725490196078432
19,CI201200000020,CI,2012.0,20.0,6.0,Nord-Est,GPS,U,8.031223,0.426326,0.1111111111111111,94.1747572815534,54.36893203883495,61.8421052631579,20.0
20,CI201200000021,CI,2012.0,21.0,11.0,Ville D'Abidjan,GPS,U,5.36311,1.633434,0.1666666666666666,100.0,48.18181818181818,72.05882352941177,40.74074074074074
21,CI201200000022,CI,2012.0,22.0,8.0,Ouest,GPS,R,7.054705,1.820578,0.3461538461538461,73.29545454545455,15.909090909090908,0.0,74.07407407407408
22,CI201200000023,CI,2012.0,23.0,2.0,Centre-Est,GPS,R,7.216652,0.623047,0.25,83.55263157894737,12.5,0.0,90.9090909090909
23,CI201200000024,CI,2012.0,24.0,3.0,Centre-Nord,GPS,U,7.759748,0.511881,0.0869565217391304,43.0939226519337,7.18232044198895,0.0,52.63157894736842
24,CI201200000025,CI,2012.0,25.0,6.0,Nord-Est,GPS,R,8.38987,0.384592,0.0555555555555555,83.7037037037037,1.4814814814814816,0.0,65.0
25,CI201200000026,CI,2012.0,26.0,2.0,Centre-Est,GPS,U,6.74213,0.426012,0.1818181818181818,89.0,49.0,16.455696202531644,13.636363636363637
26,CI201200000027,CI,2012.0,27.0,10.0,Sud-Ouest,GPS,R,5.554276,0.854401,0.2857142857142857,4.761904761904762,0.0,7.894736842105263,89.47368421052632
27,CI201200000028,CI,2012.0,28.0,8.0,Ouest,GPS,R,7.670873,1.110245,0.0,48.507462686567166,0.0,66.66666666666666,76.19047619047619
28,CI201200000029,CI,2012.0,29.0,10.0,Sud-Ouest,GPS,R,6.150994,0.212661,0.25,12.38095238095238,5.714285714285714,100.0,84.21052631578947
29,CI201200000030,CI,2012.0,30.0,6.0,Nord-Est,GPS,R,8.123569,0.470496,0.1875,98.56115107913668,0.0,0.0,73.07692307692307
30,CI201200000031,CI,2012.0,31.0,1.0,Centre,GPS,U,6.571018,0.729722,0.2222222222222222,95.6043956043956,7.608695652173914,45.16129032258064,70.0
31,CI201200000032,CI,2012.0,32.0,4.0,Centre-Ouest,GPS,U,6.613021,1.373985,0.1875,58.97435897435898,29.059829059829063,0.0,54.16666666666666
32,CI201200000033,CI,2012.0,33.0,4.0,Centre-Ouest,GPS,R,7.153319,4.396831,0.2413793103448276,44.82758620689656,8.96551724137931,28.08988764044944,61.53846153846154
33,CI201200000034,CI,2012.0,34.0,8.0,Ouest,GPS,U,7.276869,1.219911,0.2222222222222222,70.37037037037037,15.555555555555555,0.0,41.37931034482759
34,CI201200000035,CI,2012.0,35.0,6.0,Nord-Est,GPS,U,8.035473,0.308917,0.0909090909090909,100.0,63.888888888888886,59.25925925925925,40.909090909090914
35,CI201200000036,CI,2012.0,36.0,4.0,Centre-Ouest,GAZ,R,6.753785,0.994813,0.1818181818181818,69.73684210526315,0.0,9.473684210526317,56.52173913043478
36,CI201200000037,CI,2012.0,37.0,6.0,Nord-Est,GPS,U,7.493733,0.243591,0.3157894736842105,96.42857142857144,18.75,6.930693069306932,47.82608695652174
37,CI201200000038,CI,2012.0,38.0,10.0,Sud-Ouest,GPS,R,5.887836,1.306222,0.1851851851851851,15.88235294117647,5.294117647058823,15.555555555555555,70.96774193548387
38,CI201200000039,CI,2012.0,39.0,3.0,Centre-Nord,GPS,U,8.782206,0.555747,0.0588235294117647,84.21052631578947,45.11278195488722,0.0,86.95652173913044
39,CI201200000040,CI,2012.0,40.0,8.0,Ouest,GPS,U,6.544823,0.42667,0.1111111111111111,85.47008547008546,62.39316239316239,25.352112676056336,16.0
40,CI201200000041,CI,2012.0,41.0,10.0,Sud-Ouest,GPS,R,5.436679,0.218335,0.1034482758620689,80.37974683544303,5.063291139240507,42.42424242424242,77.77777777777779
41,CI201200000042,CI,2012.0,42.0,2.0,Centre-Est,GPS,R,7.101894,0.413432,0.0,69.92481203007519,20.30075187969925,0.0,73.68421052631578
42,CI201200000043,CI,2012.0,43.0,2.0,Centre-Est,GPS,R,6.981249,0.537777,0.2222222222222222,97.27272727272728,26.36363636363636,9.25925925925926,33.33333333333333
43,CI201200000044,CI,2012.0,44.0,8.0,Ouest,GPS,R,7.209309,1.707622,0.15,73.04347826086956,14.782608695652174,2.469135802469136,44.44444444444444
44,CI201200000045,CI,2012.0,45.0,5.0,Nord,GPS,U,9.472752,0.550937,0.238095238095238,90.06211180124224,31.05590062111801,16.304347826086957,41.17647058823529
45,CI201200000046,CI,2012.0,46.0,7.0,Nord-Ouest,GPS,U,8.075675,0.412724,0.5263157894736842,100.0,32.857142857142854,43.13725490196079,60.97560975609756
46,CI201200000047,CI,2012.0,47.0,8.0,Ouest,GPS,R,6.125206,2.080827,0.0588235294117647,84.11214953271028,11.214953271028037,22.807017543859647,34.78260869565217
47,CI201200000048,CI,2012.0,48.0,3.0,Centre-Nord,GPS,U,7.682816,0.554697,0.125,93.16239316239316,50.427350427350426,52.94117647058824,20.0
48,CI201200000049,CI,2012.0,49.0,7.0,Nord-Ouest,GPS,R,9.280311,0.442011,0.22,62.77056277056276,4.329004329004329,0.0,95.23809523809524
49,CI201200000050,CI,2012.0,50.0,5.0,Nord,GPS,R,9.188715,0.701754,0.0,90.3846153846154,0.0,0.0,100.0
50,CI201200000051,CI,2012.0,51.0,3.0,Centre-Nord,GPS,U,7.746292,1.357484,0.1739130434782608,96.32352941176472,22.794117647058822,29.6875,54.54545454545454
51,CI201200000052,CI,2012.0,52.0,5.0,Nord,GPS,U,10.475819,0.406004,0.1818181818181818,91.52542372881356,80.22598870056498,1.2738853503184715,41.02564102564102
52,CI201200000053,CI,2012.0,53.0,9.0,Sud sans Abidjan,GPS,R,5.443626,3.445507,0.0,66.02564102564102,8.38709677419355,0.0,82.14285714285714
53,CI201200000054,CI,2012.0,54.0,8.0,Ouest,GPS,U,7.396489,0.512697,0.3846153846153846,83.06451612903226,27.41935483870968,100.0,38.46153846153847
54,CI201200000055,CI,2012.0,55.0,11.0,Ville D'Abidjan,GPS,U,5.344163,1.590652,0.0,100.0,45.80152671755725,88.39285714285714,34.375
55,CI201200000056,CI,2012.0,56.0,2.0,Centre-Est,GPS,R,6.16192,0.213062,0.25,71.97802197802197,21.428571428571427,0.0,66.66666666666666
56,CI201200000057,CI,2012.0,57.0,10.0,Sud-Ouest,GPS,R,5.358413,0.758599,0.0555555555555555,42.64705882352941,0.0,26.08695652173913,72.0
57,CI201200000058,CI,2012.0,58.0,11.0,Ville D'Abidjan,GPS,U,5.358759,1.554606,0.2352941176470588,100.0,41.02564102564102,60.46511627906976,47.22222222222222
58,CI201200000059,CI,2012.0,59.0,3.0,Centre-Nord,GPS,R,8.359189,0.511596,0.08,57.55813953488372,0.0,0.0,88.88888888888889
59,CI201200000060,CI,2012.0,60.0,3.0,Centre-Nord,GAZ,U,7.702682,0.963152,0.0476190476190476,57.22222222222222,12.777777777777777,0.0,57.14285714285714
60,CI201200000061,CI,2012.0,61.0,1.0,Centre,GPS,U,6.800891,0.629648,0.2941176470588235,100.0,11.29032258064516,100.0,44.44444444444444
61,CI201200000062,CI,2012.0,62.0,10.0,Sud-Ouest,GPS,R,4.494208,0.756298,0.2,10.559006211180124,7.453416149068323,48.45360824742268,75.0
62,CI201200000063,CI,2012.0,63.0,11.0,Ville D'Abidjan,GAZ,U,5.353508,1.606516,0.1428571428571428,100.0,82.96296296296296,62.60869565217392,13.79310344827586
63,CI201200000064,CI,2012.0,64.0,1.0,Centre,GPS,R,6.823671,0.625945,0.0833333333333333,89.5104895104895,12.587412587412588,100.0,61.11111111111112
64,CI201200000065,CI,2012.0,65.0,2.0,Centre-Est,GPS,R,6.903736,0.424865,0.5625,85.45454545454545,4.545454545454546,11.428571428571429,47.05882352941176
65,CI201200000066,CI,2012.0,66.0,4.0,Centre-Ouest,GPS,R,6.357202,2.473218,0.3125,12.195121951219512,0.0,0.0,52.38095238095239
66,CI201200000067,CI,2012.0,67.0,9.0,Sud sans Abidjan,GPS,R,5.324231,2.14945,0.2424242424242424,91.97860962566844,31.016042780748663,57.407407407407405,25.0
67,CI201200000068,CI,2012.0,68.0,4.0,Centre-Ouest,GPS,U,6.132941,1.331726,0.1666666666666666,76.10619469026548,7.079646017699115,32.098765432098766,91.30434782608695
68,CI201200000069,CI,2012.0,69.0,4.0,Centre-Ouest,GPS,R,6.412359,1.781705,0.0344827586206896,93.33333333333331,17.77777777777778,0.0,85.18518518518519
69,CI201200000070,CI,2012.0,70.0,10.0,Sud-Ouest,GPS,R,6.120202,1.053558,0.1176470588235294,36.36363636363637,0.0,15.0,85.0
70,CI201200000071,CI,2012.0,71.0,11.0,Ville D'Abidjan,GPS,U,5.335063,2.634872,0.1428571428571428,95.07042253521126,100.0,100.0,27.500000000000004
71,CI201200000072,CI,2012.0,72.0,10.0,Sud-Ouest,GPS,U,5.416982,3.937821,0.1,44.03669724770643,0.0,26.923076923076923,54.54545454545454
72,CI201200000073,CI,2012.0,73.0,4.0,Centre-Ouest,GPS,R,6.786519,1.821188,0.1428571428571428,26.291079812206576,0.0,0.0,45.71428571428572
73,CI201200000074,CI,2012.0,74.0,3.0,Centre-Nord,GPS,U,7.701195,0.538602,0.2222222222222222,79.82456140350878,7.079646017699115,9.25925925925926,68.18181818181817
74,CI201200000075,CI,2012.0,75.0,9.0,Sud sans Abidjan,GPS,U,5.498814,3.523954,0.125,63.24786324786324,14.529914529914532,33.33333333333333,57.89473684210527
75,CI201200000076,CI,2012.0,76.0,11.0,Ville D'Abidjan,GAZ,U,5.336269,1.756938,0.1666666666666666,100.0,100.0,54.91803278688525,17.073170731707318
76,CI201200000077,CI,2012.0,77.0,3.0,Centre-Nord,GPS,R,8.095853,0.383374,0.0833333333333333,72.07207207207207,18.01801801801802,0.0,88.23529411764706
77,CI201200000078,CI,2012.0,78.0,4.0,Centre-Ouest,GPS,U,6.142045,1.76266,0.0,99.15966386554622,81.5126050420168,69.89247311827957,10.714285714285714
78,CI201200000079,CI,2012.0,79.0,1.0,Centre,GPS,U,6.650154,1.987899,0.3076923076923077,78.89908256880734,15.59633027522936,0.0,22.22222222222222
79,CI201200000080,CI,2012.0,80.0,2.0,Centre-Est,GAZ,U,6.072718,0.049668,0.2222222222222222,94.9438202247191,17.97752808988764,0.0,47.05882352941176
80,CI201200000081,CI,2012.0,81.0,9.0,Sud sans Abidjan,GPS,U,5.814222,2.318206,0.1538461538461538,85.48387096774194,4.838709677419355,0.0,56.00000000000001
81,CI201200000082,CI,2012.0,82.0,6.0,Nord-Est,GPS,R,9.66782,0.597558,0.2105263157894736,53.24675324675325,0.0,18.55670103092784,75.0
82,CI201200000083,CI,2012.0,83.0,1.0,Centre,GPS,U,6.821975,0.622315,0.2,94.85294117647058,50.0,100.0,26.190476190476197
83,CI201200000084,CI,2012.0,84.0,7.0,Nord-Ouest,GPS,U,8.283615,0.173408,0.1739130434782608,78.73563218390804,64.74358974358975,100.0,38.46153846153847
84,CI201200000085,CI,2012.0,85.0,5.0,Nord,GPS,R,9.380362,0.373465,0.3181818181818182,89.32584269662921,8.98876404494382,0.0,91.66666666666666
85,CI201200000086,CI,2012.0,86.0,2.0,Centre-Est,GPS,U,7.134544,0.241952,0.3,100.0,27.927927927927925,15.942028985507244,59.09090909090909
86,CI201200000087,CI,2012.0,87.0,6.0,Nord-Est,GPS,R,7.969318,0.388866,0.2307692307692307,54.34782608695652,0.0,0.0,73.68421052631578
87,CI201200000088,CI,2012.0,88.0,1.0,Centre,GPS,R,6.637517,0.684941,0.0625,83.73983739837398,14.634146341463412,0.0,50.0
88,CI201200000089,CI,2012.0,89.0,4.0,Centre-Ouest,GPS,R,6.825132,0.516981,0.1538461538461538,78.44827586206897,0.0,32.467532467532465,62.5
89,CI201200000090,CI,2012.0,90.0,2.0,Centre-Est,GPS,R,6.362925,0.224479,0.1851851851851851,78.94736842105263,8.771929824561402,0.0,68.0
90,CI201200000091,CI,2012.0,91.0,3.0,Centre-Nord,GPS,U,7.801044,0.528035,0.2916666666666667,32.926829268292686,0.0,0.0,89.28571428571429
91,CI201200000092,CI,2012.0,92.0,8.0,Ouest,GPS,R,6.962653,0.621955,0.2424242424242424,59.900990099009896,2.4752475247524752,0.0,51.35135135135135
92,CI201200000093,CI,2012.0,93.0,11.0,Ville D'Abidjan,GPS,U,5.336272,1.183588,0.1904761904761904,100.0,35.2112676056338,73.68421052631578,53.84615384615385
93,CI201200000094,CI,2012.0,94.0,10.0,Sud-Ouest,GPS,R,4.954372,0.524306,0.1176470588235294,22.93577981651376,0.0,5.88235294117647,73.68421052631578
94,CI201200000095,CI,2012.0,95.0,7.0,Nord-Ouest,GPS,R,8.066473,0.48571,0.3333333333333333,65.13761467889908,21.100917431192663,9.137055837563452,93.93939393939394
95,CI201200000096,CI,2012.0,96.0,4.0,Centre-Ouest,GPS,R,6.559061,1.125849,0.025,65.9090909090909,0.0,0.0,46.15384615384615
96,CI201200000097,CI,2012.0,97.0,11.0,Ville D'Abidjan,GPS,U,5.37952,1.149079,0.25,95.34883720930232,20.930232558139537,44.95412844036697,57.14285714285714
97,CI201200000098,CI,2012.0,98.0,1.0,Centre,GPS,U,6.806986,0.640448,0.1,94.32624113475178,12.05673758865248,100.0,60.71428571428571
98,CI201200000099,CI,2012.0,99.0,2.0,Centre-Est,GPS,R,7.09574,0.269156,0.05,74.78260869565217,29.82456140350877,15.789473684210526,54.54545454545454
99,CI201200000100,CI,2012.0,100.0,4.0,Centre-Ouest,GPS,R,6.685151,1.2765,0.4117647058823529,25.0,6.41025641025641,15.384615384615383,38.095238095238095
100,CI201200000101,CI,2012.0,101.0,3.0,Centre-Nord,GPS,R,9.308593,0.561415,0.0833333333333333,100.0,4.3478260869565215,6.60377358490566,70.0
101,CI201200000102,CI,2012.0,102.0,11.0,Ville D'Abidjan,GPS,U,5.346215,3.049076,0.0,100.0,97.02970297029702,85.13513513513513,4.166666666666666
102,CI201200000103,CI,2012.0,103.0,10.0,Sud-Ouest,GPS,R,6.164881,0.608705,0.217391304347826,36.477987421383645,1.8867924528301887,8.270676691729323,41.37931034482759
103,CI201200000104,CI,2012.0,104.0,10.0,Sud-Ouest,GPS,R,4.765075,1.693176,0.1578947368421052,50.0,0.0,30.0,82.6086956521739
104,CI201200000105,CI,2012.0,105.0,5.0,Nord,GPS,U,9.953257,0.991042,0.0909090909090909,100.0,31.73076923076923,2.8846153846153846,70.83333333333334
105,CI201200000106,CI,2012.0,106.0,7.0,Nord-Ouest,GPS,R,8.465508,0.855799,0.2888888888888888,67.85714285714286,4.642857142857143,8.088235294117647,90.56603773584906
106,CI201200000107,CI,2012.0,107.0,10.0,Sud-Ouest,GPS,R,5.943022,0.772709,0.0833333333333333,44.13793103448276,8.96551724137931,0.0,57.89473684210527
107,CI201200000108,CI,2012.0,108.0,3.0,Centre-Nord,GAZ,U,7.705667,1.012685,0.05,85.44303797468355,15.822784810126585,0.0,94.73684210526316
108,CI201200000109,CI,2012.0,109.0,6.0,Nord-Est,GPS,R,8.29659,0.370759,0.15,28.5024154589372,0.0,0.0,83.33333333333334
109,CI201200000110,CI,2012.0,110.0,9.0,Sud sans Abidjan,GPS,U,5.682848,3.984994,0.1428571428571428,56.42857142857143,51.42857142857142,2.5210084033613445,32.142857142857146
110,CI201200000111,CI,2012.0,111.0,10.0,Sud-Ouest,GPS,R,4.679129,0.735362,0.1,100.0,54.91803278688525,13.636363636363637,80.76923076923077
111,CI201200000112,CI,2012.0,112.0,3.0,Centre-Nord,GPS,U,7.676075,0.366859,0.25,97.41379310344828,59.48275862068966,56.86274509803921,23.07692307692308
112,CI201200000113,CI,2012.0,113.0,8.0,Ouest,GPS,U,7.740542,0.965912,0.0769230769230769,69.2982456140351,42.98245614035088,100.0,53.84615384615385
113,CI201200000114,CI,2012.0,114.0,11.0,Ville D'Abidjan,GPS,U,5.33283,1.700932,0.0,100.0,87.9746835443038,78.26086956521739,21.875
114,CI201200000115,CI,2012.0,115.0,2.0,Centre-Est,GPS,R,6.145133,0.223014,0.2222222222222222,85.40145985401459,16.05839416058394,10.483870967741936,52.17391304347826
115,CI201200000116,CI,2012.0,116.0,11.0,Ville D'Abidjan,GPS,U,5.310639,1.032217,0.1538461538461538,75.43859649122807,0.0,32.30769230769231,59.09090909090909
116,CI201200000117,CI,2012.0,117.0,8.0,Ouest,GPS,R,7.54658,2.492559,0.2580645161290322,73.33333333333333,13.333333333333334,0.0,70.37037037037037
117,CI201200000118,CI,2012.0,118.0,5.0,Nord,GPS,R,9.509688,1.11974,0.0689655172413793,87.75510204081633,0.0,0.0,87.5
118,CI201200000119,CI,2012.0,119.0,10.0,Sud-Ouest,GPS,R,4.897206,0.589763,0.1071428571428571,24.62686567164179,0.0,45.07042253521127,76.0
119,CI201200000120,CI,2012.0,120.0,5.0,Nord,GPS,R,10.388346,0.770464,0.3333333333333333,82.6086956521739,8.695652173913043,0.0,92.3076923076923
120,CI201200000121,CI,2012.0,121.0,10.0,Sud-Ouest,GPS,U,4.770069,0.301106,0.2857142857142857,98.05825242718448,14.563106796116504,3.79746835443038,66.66666666666666
121,CI201200000122,CI,2012.0,122.0,4.0,Centre-Ouest,GPS,R,5.797293,1.134214,0.0588235294117647,87.96992481203007,6.015037593984962,19.565217391304348,62.5
122,CI201200000123,CI,2012.0,123.0,4.0,Centre-Ouest,GPS,U,6.897991,0.998303,0.3684210526315789,94.6808510638298,57.97872340425532,98.64864864864865,30.909090909090907
123,CI201200000124,CI,2012.0,124.0,4.0,Centre-Ouest,GPS,R,6.654972,2.132595,0.1153846153846153,92.54658385093168,0.0,0.0,90.625
124,CI201200000125,CI,2012.0,125.0,4.0,Centre-Ouest,GPS,R,7.2955,0.860018,0.2857142857142857,75.88652482269504,4.964539007092199,4.651162790697675,51.72413793103448
125,CI201200000126,CI,2012.0,126.0,1.0,Centre,GPS,R,6.397834,0.494275,0.2,32.27091633466135,0.0,8.629441624365482,60.0
126,CI201200000127,CI,2012.0,127.0,8.0,Ouest,GPS,U,7.266339,0.566021,0.2142857142857142,45.19230769230769,35.57692307692308,12.82051282051282,85.71428571428571
127,CI201200000128,CI,2012.0,128.0,7.0,Nord-Ouest,GPS,U,9.505708,0.531966,0.1666666666666666,84.9673202614379,78.43137254901961,0.0,67.74193548387096
128,CI201200000129,CI,2012.0,129.0,9.0,Sud sans Abidjan,GPS,U,6.38313,2.124203,0.0,90.19607843137256,49.01960784313725,54.71698113207547,10.0
129,CI201200000130,CI,2012.0,130.0,8.0,Ouest,GPS,R,7.079795,0.954875,0.4285714285714285,96.26865671641792,7.6923076923076925,0.0,57.89473684210527
130,CI201200000131,CI,2012.0,131.0,9.0,Sud sans Abidjan,GAZ,U,5.929377,1.993632,0.2,96.47887323943662,86.61971830985915,64.21052631578948,9.090909090909092
131,CI201200000132,CI,2012.0,132.0,5.0,Nord,GPS,R,9.917156,0.264602,0.1212121212121212,46.93877551020408,3.571428571428571,0.0,100.0
132,CI201200000133,CI,2012.0,133.0,6.0,Nord-Est,GPS,R,7.377326,0.535202,0.1666666666666666,51.42857142857142,1.9047619047619049,0.0,60.0
133,CI201200000134,CI,2012.0,134.0,1.0,Centre,GPS,U,6.804543,0.742484,0.1333333333333333,100.0,37.5,100.0,39.285714285714285
134,CI201200000135,CI,2012.0,135.0,7.0,Nord-Ouest,GAZ,U,9.506225,0.198559,0.0588235294117647,96.3302752293578,69.72477064220183,11.11111111111111,31.25
135,CI201200000136,CI,2012.0,136.0,11.0,Ville D'Abidjan,GPS,U,5.421475,1.986396,0.3636363636363636,100.0,85.12396694214877,50.0,28.57142857142857
136,CI201200000137,CI,2012.0,137.0,2.0,Centre-Est,GPS,U,6.728044,0.229903,0.1,83.21167883211679,27.00729927007299,6.504065040650407,45.0
137,CI201200000138,CI,2012.0,138.0,6.0,Nord-Est,GPS,R,7.848057,0.615758,0.2352941176470588,73.72262773722628,8.75912408759124,7.751937984496124,48.14814814814815
138,CI201200000139,CI,2012.0,139.0,5.0,Nord,GPS,R,9.6684,0.702218,0.2,80.76923076923077,3.8461538461538463,0.0,96.29629629629628
139,CI201200000140,CI,2012.0,140.0,6.0,Nord-Est,GPS,R,8.166209,0.551413,0.0555555555555555,87.62886597938144,0.0,10.465116279069768,100.0
140,CI201200000141,CI,2012.0,141.0,2.0,Centre-Est,GPS,U,6.718888,0.403521,0.0909090909090909,89.84375,19.53125,11.428571428571429,32.25806451612903
141,CI201200000142,CI,2012.0,142.0,11.0,Ville D'Abidjan,GPS,U,5.365173,1.892046,0.3571428571428571,97.67441860465117,35.55555555555556,30.55555555555556,42.10526315789473
142,CI201200000143,CI,2012.0,143.0,6.0,Nord-Est,GPS,R,7.92309,0.421226,0.0555555555555555,100.0,0.0,37.25490196078432,57.692307692307686
143,CI201200000144,CI,2012.0,144.0,5.0,Nord,GPS,R,9.204362,0.782798,0.34375,15.950920245398772,11.11111111111111,0.0,85.29411764705883
144,CI201200000145,CI,2012.0,145.0,6.0,Nord-Est,GPS,U,9.265525,0.291573,0.125,98.83720930232558,27.906976744186046,33.33333333333333,50.0
145,CI201200000146,CI,2012.0,146.0,2.0,Centre-Est,GPS,R,6.568554,0.135325,0.3076923076923077,73.09417040358744,58.525345622119815,0.0,55.55555555555556
146,CI201200000147,CI,2012.0,147.0,2.0,Centre-Est,GPS,R,6.653226,0.626176,0.3333333333333333,97.5206611570248,28.09917355371901,7.368421052631578,21.875
147,CI201200000148,CI,2012.0,148.0,8.0,Ouest,GPS,U,6.740592,1.32017,0.4375,60.264900662251655,15.2317880794702,0.0,32.142857142857146
148,CI201200000149,CI,2012.0,149.0,6.0,Nord-Est,MIS,R,0.0,0.666511,0.1764705882352941,70.49180327868852,4.098360655737705,0.0,79.16666666666666
149,CI201200000150,CI,2012.0,150.0,5.0,Nord,GPS,U,9.438609,0.307117,0.2941176470588235,77.19298245614034,66.66666666666666,100.0,37.5
150,CI201200000151,CI,2012.0,151.0,11.0,Ville D'Abidjan,GPS,U,5.453503,2.894241,0.125,88.0,24.390243902439025,95.55555555555556,52.63157894736842
151,CI201200000152,CI,2012.0,152.0,1.0,Centre,GPS,R,7.226644,1.439445,0.1,85.63218390804597,0.0,59.79381443298969,86.95652173913044
152,CI201200000153,CI,2012.0,153.0,7.0,Nord-Ouest,GPS,R,9.465024,0.428529,0.2647058823529412,51.30434782608696,14.347826086956522,0.0,84.61538461538461
153,CI201200000154,CI,2012.0,154.0,2.0,Centre-Est,GPS,R,7.264778,0.513011,0.15,87.59689922480621,0.0,12.12121212121212,75.0
154,CI201200000155,CI,2012.0,155.0,4.0,Centre-Ouest,GPS,R,6.027104,1.693233,0.1052631578947368,91.72413793103448,4.827586206896552,30.630630630630627,54.54545454545454
155,CI201200000156,CI,2012.0,156.0,11.0,Ville D'Abidjan,GPS,U,5.313266,1.868192,0.1764705882352941,100.0,12.258064516129032,12.903225806451612,42.42424242424242
156,CI201200000157,CI,2012.0,157.0,5.0,Nord,GPS,R,9.347521,0.643249,0.3571428571428571,100.0,0.0,0.0,100.0
157,CI201200000158,CI,2012.0,158.0,9.0,Sud sans Abidjan,GPS,R,5.369488,2.315028,0.0909090909090909,100.0,23.958333333333336,8.045977011494253,50.0
158,CI201200000159,CI,2012.0,159.0,10.0,Sud-Ouest,GPS,U,4.4123,0.085272,0.0666666666666666,54.12844036697248,20.588235294117645,45.83333333333333,36.36363636363637
159,CI201200000160,CI,2012.0,160.0,11.0,Ville D'Abidjan,GPS,U,5.257701,1.747466,0.0909090909090909,100.0,5.747126436781609,62.264150943396224,60.0
160,CI201200000161,CI,2012.0,161.0,3.0,Centre-Nord,GPS,U,7.668145,0.753841,0.0,88.29787234042553,36.17021276595745,5.88235294117647,7.142857142857142
161,CI201200000162,CI,2012.0,162.0,5.0,Nord,GPS,R,10.173371,0.479406,0.1212121212121212,17.894736842105264,0.0,0.0,94.28571428571428
162,CI201200000163,CI,2012.0,163.0,8.0,Ouest,GPS,U,7.413459,1.816798,0.3333333333333333,87.90322580645162,43.08943089430895,61.53846153846154,55.55555555555556
163,CI201200000164,CI,2012.0,164.0,3.0,Centre-Nord,GPS,U,8.137139,0.39939,0.1176470588235294,95.2755905511811,55.11811023622048,0.0,29.03225806451613
164,CI201200000165,CI,2012.0,165.0,11.0,Ville D'Abidjan,GPS,U,5.28125,1.110499,0.1666666666666666,100.0,38.613861386138616,30.58823529411765,29.03225806451613
165,CI201200000166,CI,2012.0,166.0,10.0,Sud-Ouest,MIS,R,0.0,1.559547,0.0666666666666666,19.76744186046512,0.0,0.0,68.42105263157895
166,CI201200000167,CI,2012.0,167.0,3.0,Centre-Nord,GAZ,R,7.870836,0.650232,0.1,97.6608187134503,78.94736842105263,36.03603603603604,27.659574468085108
167,CI201200000168,CI,2012.0,168.0,9.0,Sud sans Abidjan,GPS,R,5.23149,1.085144,0.0333333333333333,0.0,0.0,0.0,84.0
168,CI201200000169,CI,2012.0,169.0,7.0,Nord-Ouest,GPS,R,9.456007,0.180597,0.125,75.33632286995515,16.143497757847534,10.44776119402985,87.5
169,CI201200000170,CI,2012.0,170.0,7.0,Nord-Ouest,GPS,R,8.930113,0.481187,0.3714285714285714,67.46411483253588,0.0,100.0,94.5945945945946
170,CI201200000171,CI,2012.0,171.0,9.0,Sud sans Abidjan,GPS,U,5.212804,1.312405,0.0769230769230769,88.96551724137932,63.44827586206897,41.935483870967744,11.76470588235294
171,CI201200000172,CI,2012.0,172.0,7.0,Nord-Ouest,GPS,R,8.054446,0.167114,0.0909090909090909,66.66666666666666,12.994350282485875,23.863636363636363,87.5
172,CI201200000173,CI,2012.0,173.0,5.0,Nord,GPS,R,9.493267,0.880837,0.0555555555555555,100.0,11.594202898550725,0.0,82.14285714285714
173,CI201200000174,CI,2012.0,174.0,3.0,Centre-Nord,MIS,R,0.0,0.892723,0.1,61.66666666666667,20.0,0.0,62.96296296296296
174,CI201200000175,CI,2012.0,175.0,1.0,Centre,GPS,R,7.203104,0.931933,0.1538461538461538,81.75182481751825,5.109489051094891,100.0,56.41025641025641
175,CI201200000176,CI,2012.0,176.0,5.0,Nord,GPS,R,10.159125,0.418282,0.2195121951219512,40.45454545454545,11.363636363636363,0.0,85.71428571428571
176,CI201200000177,CI,2012.0,177.0,9.0,Sud sans Abidjan,GPS,U,5.41341,2.434198,0.0,72.15189873417721,6.329113924050633,21.73913043478261,75.0
177,CI201200000178,CI,2012.0,178.0,7.0,Nord-Ouest,GPS,U,8.274536,0.324254,0.3333333333333333,87.60330578512396,36.36363636363637,100.0,50.0
178,CI201200000179,CI,2012.0,179.0,9.0,Sud sans Abidjan,GPS,R,5.66423,1.231754,0.2,80.83832335329342,15.950920245398772,44.44444444444444,14.285714285714285
179,CI201200000180,CI,2012.0,180.0,4.0,Centre-Ouest,GPS,U,6.861869,1.184585,0.25,77.68595041322314,0.0,71.42857142857143,76.0
180,CI201200000181,CI,2012.0,181.0,7.0,Nord-Ouest,GPS,R,8.080929,0.384221,0.2790697674418604,57.64192139737992,0.0,10.0,82.6086956521739
181,CI201200000182,CI,2012.0,182.0,4.0,Centre-Ouest,GPS,R,7.534428,2.415443,0.4193548387096774,70.48192771084338,0.0,1.282051282051282,53.57142857142857
182,CI201200000183,CI,2012.0,183.0,2.0,Centre-Est,GPS,U,6.728799,0.274118,0.3,98.30508474576273,35.59322033898305,25.0,45.16129032258064
183,CI201200000184,CI,2012.0,184.0,2.0,Centre-Est,GPS,R,6.381441,0.094836,0.217391304347826,17.647058823529413,7.352941176470589,0.0,69.56521739130434
184,CI201200000185,CI,2012.0,185.0,10.0,Sud-Ouest,GPS,R,5.002555,0.408463,0.2777777777777778,64.58333333333334,4.166666666666666,0.0,78.94736842105263
185,CI201200000186,CI,2012.0,186.0,3.0,Centre-Nord,MIS,R,0.0,0.824277,0.4,80.95238095238095,16.666666666666664,21.53846153846154,73.33333333333333
186,CI201200000187,CI,2012.0,187.0,4.0,Centre-Ouest,GPS,U,7.417962,2.340441,0.0,73.88059701492537,29.1044776119403,18.055555555555557,52.38095238095239
187,CI201200000188,CI,2012.0,188.0,8.0,Ouest,GPS,R,7.456828,2.770916,0.3846153846153846,62.01550387596899,7.751937984496124,,45.45454545454545
188,CI201200000189,CI,2012.0,189.0,7.0,Nord-Ouest,GPS,U,7.963135,0.348953,0.1,99.21259842519686,8.19672131147541,27.368421052631582,67.74193548387096
189,CI201200000190,CI,2012.0,190.0,7.0,Nord-Ouest,GPS,R,8.869862,0.463233,0.1964285714285714,40.59040590405904,7.7490774907749085,16.201117318435752,87.5
190,CI201200000191,CI,2012.0,191.0,10.0,Sud-Ouest,GPS,U,4.949658,0.499014,0.0,81.69014084507043,49.29577464788733,41.02564102564102,20.0
191,CI201200000192,CI,2012.0,192.0,1.0,Centre,GPS,R,7.235611,1.163533,0.1904761904761904,55.00000000000001,0.0,0.0,70.83333333333334
192,CI201200000193,CI,2012.0,193.0,5.0,Nord,GPS,R,9.205372,0.434103,0.3846153846153846,94.48275862068964,13.10344827586207,0.0,69.56521739130434
193,CI201200000194,CI,2012.0,194.0,11.0,Ville D'Abidjan,GPS,U,5.356009,1.271758,0.125,100.0,27.33333333333333,50.0,62.06896551724138
194,CI201200000195,CI,2012.0,195.0,7.0,Nord-Ouest,GPS,R,8.496604,0.32935,0.25,70.58823529411765,21.73913043478261,2.564102564102564,80.0
195,CI201200000196,CI,2012.0,196.0,10.0,Sud-Ouest,GPS,R,5.398599,3.661853,0.1111111111111111,47.05882352941176,5.88235294117647,0.0,75.0
196,CI201200000197,CI,2012.0,197.0,6.0,Nord-Est,GPS,U,8.032071,0.237901,0.0833333333333333,100.0,59.55882352941176,32.5,50.0
197,CI201200000198,CI,2012.0,198.0,5.0,Nord,GPS,R,9.960457,0.586953,0.2105263157894736,90.0,8.0,0.0,95.83333333333334
198,CI201200000199,CI,2012.0,199.0,3.0,Centre-Nord,GPS,R,8.719801,0.72324,0.0303030303030303,66.0377358490566,0.0,1.8867924528301887,93.5483870967742
199,CI201200000200,CI,2012.0,200.0,2.0,Centre-Est,GPS,U,6.725115,0.601734,0.1818181818181818,100.0,58.252427184466015,43.47826086956522,12.0
200,CI201200000201,CI,2012.0,201.0,10.0,Sud-Ouest,GPS,R,5.087417,0.268161,0.0434782608695652,29.310344827586203,0.0,3.787878787878788,76.92307692307693
201,CI201200000202,CI,2012.0,202.0,1.0,Centre,GPS,R,7.659092,0.915589,0.1,0.0,0.0,0.0,100.0
202,CI201200000203,CI,2012.0,203.0,9.0,Sud sans Abidjan,GPS,U,5.503938,1.91306,0.1111111111111111,93.89312977099236,20.610687022900763,33.33333333333333,83.33333333333334
203,CI201200000204,CI,2012.0,204.0,3.0,Centre-Nord,GAZ,R,7.76593,0.954798,0.1,25.806451612903224,0.0,0.0,88.0
204,CI201200000205,CI,2012.0,205.0,4.0,Centre-Ouest,GPS,U,6.989938,1.908054,0.1666666666666666,100.0,91.72932330827066,88.70967741935483,10.344827586206897
205,CI201200000206,CI,2012.0,206.0,6.0,Nord-Est,MIS,R,0.0,0.245447,0.0769230769230769,68.59504132231406,7.43801652892562,0.0,50.0
206,CI201200000207,CI,2012.0,207.0,10.0,Sud-Ouest,GPS,U,4.77696,0.591039,0.0,91.86046511627907,16.27906976744186,13.157894736842104,46.66666666666666
207,CI201200000208,CI,2012.0,208.0,4.0,Centre-Ouest,GPS,U,6.508881,2.383382,0.2727272727272727,42.5,0.0,0.0,52.94117647058824
208,CI201200000209,CI,2012.0,209.0,1.0,Centre,GPS,R,7.93596,0.816322,0.1875,33.064516129032256,4.838709677419355,0.0,100.0
209,CI201200000210,CI,2012.0,210.0,11.0,Ville D'Abidjan,GPS,U,5.338435,1.024226,0.1818181818181818,100.0,89.94413407821229,54.054054054054056,17.391304347826086
210,CI201200000211,CI,2012.0,211.0,1.0,Centre,GPS,U,6.654352,0.774009,0.3571428571428571,100.0,22.58064516129032,42.69662921348314,37.142857142857146
211,CI201200000212,CI,2012.0,212.0,8.0,Ouest,GPS,R,6.449306,0.785424,0.2,31.57894736842105,0.0,0.0,69.56521739130434
212,CI201200000213,CI,2012.0,213.0,2.0,Centre-Est,GPS,R,6.765132,0.117301,0.2352941176470588,36.440677966101696,16.94915254237288,0.0,83.33333333333334
213,CI201200000214,CI,2012.0,214.0,3.0,Centre-Nord,GPS,U,7.699964,0.236054,0.0,86.36363636363636,29.545454545454547,10.20408163265306,65.21739130434783
214,CI201200000215,CI,2012.0,215.0,7.0,Nord-Ouest,GPS,R,9.011084,0.399507,0.0434782608695652,87.5,16.25,0.0,81.48148148148148
215,CI201200000216,CI,2012.0,216.0,7.0,Nord-Ouest,GPS,R,8.273471,0.138118,0.2307692307692307,51.26582278481012,0.0,90.9090909090909,100.0
216,CI201200000217,CI,2012.0,217.0,11.0,Ville D'Abidjan,GPS,U,5.244854,2.491344,0.4,87.4015748031496,25.984251968503933,56.07476635514018,17.647058823529413
217,CI201200000218,CI,2012.0,218.0,8.0,Ouest,GPS,U,7.264673,1.69833,0.0434782608695652,70.0,37.5,0.0,90.47619047619048
218,CI201200000219,CI,2012.0,219.0,6.0,Nord-Est,GPS,R,7.554265,0.89953,0.05,88.69565217391305,6.956521739130435,4.081632653061225,53.57142857142857
219,CI201200000220,CI,2012.0,220.0,8.0,Ouest,GPS,R,6.475356,1.002211,0.32,15.81196581196581,34.18803418803419,5.389221556886228,79.48717948717949
220,CI201200000221,CI,2012.0,221.0,11.0,Ville D'Abidjan,GPS,U,5.411858,1.585207,0.2941176470588235,100.0,58.333333333333336,76.92307692307693,32.35294117647059
221,CI201200000222,CI,2012.0,222.0,8.0,Ouest,GPS,U,7.389825,0.61016,0.238095238095238,75.13812154696133,49.72375690607735,100.0,18.91891891891892
222,CI201200000223,CI,2012.0,223.0,2.0,Centre-Est,GPS,R,6.497424,0.382279,0.0,58.59375,16.23931623931624,0.0,45.83333333333333
223,CI201200000224,CI,2012.0,224.0,9.0,Sud sans Abidjan,GPS,U,5.354109,1.563756,0.5,97.17514124293784,3.389830508474576,47.368421052631575,52.63157894736842
224,CI201200000226,CI,2012.0,226.0,8.0,Ouest,GPS,R,6.569395,1.004668,0.5384615384615384,54.7085201793722,2.690582959641256,0.0,28.125
225,CI201200000227,CI,2012.0,227.0,6.0,Nord-Est,GPS,R,7.468882,0.482753,0.1333333333333333,78.125,10.0,8.333333333333332,32.142857142857146
226,CI201200000228,CI,2012.0,228.0,11.0,Ville D'Abidjan,GPS,U,5.34196,1.790539,0.2,94.11764705882352,31.09243697478992,42.85714285714285,45.45454545454545
227,CI201200000229,CI,2012.0,229.0,9.0,Sud sans Abidjan,GAZ,U,5.08072,2.702786,0.1333333333333333,80.0,15.789473684210526,0.0,43.47826086956522
228,CI201200000230,CI,2012.0,230.0,9.0,Sud sans Abidjan,GPS,R,5.928369,0.789317,0.0666666666666666,89.53488372093024,46.51162790697674,22.666666666666664,31.25
229,CI201200000231,CI,2012.0,231.0,11.0,Ville D'Abidjan,GPS,U,5.309652,1.647233,0.1333333333333333,82.39999999999999,0.0,58.333333333333336,57.57575757575758
230,CI201200000232,CI,2012.0,232.0,9.0,Sud sans Abidjan,GPS,R,5.569178,1.356316,0.21875,49.11504424778761,10.17699115044248,57.831325301204814,60.0
231,CI201200000233,CI,2012.0,233.0,10.0,Sud-Ouest,GPS,R,5.95856,1.040365,0.0,87.87878787878788,14.393939393939394,6.849315068493151,70.83333333333334
232,CI201200000234,CI,2012.0,234.0,5.0,Nord,GPS,U,9.441121,0.482213,0.0833333333333333,94.16666666666669,24.786324786324787,100.0,30.434782608695656
233,CI201200000235,CI,2012.0,235.0,8.0,Ouest,GPS,R,6.767448,3.764622,0.2564102564102564,26.39593908629442,0.0,0.0,58.13953488372093
234,CI201200000236,CI,2012.0,236.0,5.0,Nord,GPS,U,9.453886,0.459454,0.0666666666666666,93.33333333333331,41.48148148148148,98.24561403508773,33.33333333333333
235,CI201200000237,CI,2012.0,237.0,11.0,Ville D'Abidjan,GPS,U,5.42273,1.785364,0.3571428571428571,98.65771812080536,18.12080536912752,0.0,65.51724137931035
236,CI201200000238,CI,2012.0,238.0,9.0,Sud sans Abidjan,GPS,R,5.311172,1.317235,0.2941176470588235,97.91666666666666,26.38888888888889,23.308270676691727,43.24324324324324
237,CI201200000239,CI,2012.0,239.0,11.0,Ville D'Abidjan,GPS,U,5.292448,1.754086,0.4,100.0,36.19047619047619,39.53488372093023,21.73913043478261
238,CI201200000240,CI,2012.0,240.0,7.0,Nord-Ouest,GPS,R,7.995453,0.192077,0.2142857142857142,57.89473684210527,7.142857142857142,0.0,93.61702127659576
239,CI201200000241,CI,2012.0,241.0,9.0,Sud sans Abidjan,GPS,U,6.108284,1.383964,0.1111111111111111,76.74418604651163,58.13953488372093,33.33333333333333,15.0
240,CI201200000242,CI,2012.0,242.0,6.0,Nord-Est,GPS,R,7.204627,1.030885,0.0,86.27450980392157,12.745098039215684,0.0,47.05882352941176
241,CI201200000243,CI,2012.0,243.0,3.0,Centre-Nord,GPS,U,7.706786,0.4433,0.0714285714285714,100.0,100.0,68.96551724137932,17.24137931034483
242,CI201200000244,CI,2012.0,244.0,5.0,Nord,GPS,R,10.089082,0.745182,0.35,62.60162601626016,0.0,0.0,92.0
243,CI201200000245,CI,2012.0,245.0,2.0,Centre-Est,GPS,R,6.285448,0.138304,0.25,83.33333333333334,28.26086956521739,7.246376811594203,46.15384615384615
244,CI201200000246,CI,2012.0,246.0,10.0,Sud-Ouest,GPS,R,5.009958,0.897215,0.1923076923076923,22.89156626506024,0.0,5.617977528089887,62.5
245,CI201200000247,CI,2012.0,247.0,7.0,Nord-Ouest,GPS,U,7.967487,0.210121,0.375,94.4055944055944,41.25874125874126,19.130434782608692,42.85714285714285
246,CI201200000248,CI,2012.0,248.0,1.0,Centre,GPS,U,7.038699,0.876203,0.375,81.3953488372093,15.503875968992247,0.8771929824561403,42.85714285714285
247,CI201200000249,CI,2012.0,249.0,6.0,Nord-Est,GPS,R,8.421511,0.510707,0.4,89.44099378881988,8.074534161490684,50.0,27.027027027027028
248,CI201200000250,CI,2012.0,250.0,5.0,Nord,GPS,R,9.623585,0.874056,0.2222222222222222,88.57142857142857,4.285714285714286,0.0,88.0
249,CI201200000251,CI,2012.0,251.0,2.0,Centre-Est,GPS,U,6.734271,0.131122,0.25,94.16666666666669,62.5,20.75471698113208,25.0
250,CI201200000252,CI,2012.0,252.0,11.0,Ville D'Abidjan,GPS,U,5.293828,2.142642,0.1,100.0,55.66037735849056,59.49367088607595,20.0
251,CI201200000253,CI,2012.0,253.0,1.0,Centre,GPS,R,6.782628,1.631369,0.1290322580645161,0.0,0.0,0.0,92.3076923076923
252,CI201200000254,CI,2012.0,254.0,3.0,Centre-Nord,GAZ,R,7.520663,0.650652,0.2142857142857142,100.0,20.833333333333336,11.11111111111111,43.47826086956522
253,CI201200000255,CI,2012.0,255.0,3.0,Centre-Nord,GPS,U,8.76783,0.38923,0.0,94.69026548672566,48.67256637168141,0.0,68.0
254,CI201200000256,CI,2012.0,256.0,6.0,Nord-Est,GPS,R,7.693928,0.652679,0.2857142857142857,80.81395348837209,12.209302325581394,1.5384615384615383,75.0
255,CI201200000257,CI,2012.0,257.0,4.0,Centre-Ouest,GPS,R,7.35879,0.463059,0.3636363636363636,11.811023622047244,0.0,0.0,90.0
256,CI201200000258,CI,2012.0,258.0,1.0,Centre,GPS,R,7.425796,0.972742,0.125,27.956989247311824,8.064516129032258,7.547169811320755,79.3103448275862
257,CI201200000259,CI,2012.0,259.0,5.0,Nord,GPS,U,9.472905,0.540524,0.0666666666666666,90.32258064516128,4.395604395604396,22.448979591836736,65.0
258,CI201200000260,CI,2012.0,260.0,11.0,Ville D'Abidjan,GPS,U,5.363347,1.887226,0.2307692307692307,96.35036496350364,33.57664233576642,0.0,32.0
259,CI201200000261,CI,2012.0,261.0,9.0,Sud sans Abidjan,GPS,R,5.209151,1.701084,0.1333333333333333,10.44776119402985,14.17910447761194,22.61904761904762,38.095238095238095
260,CI201200000262,CI,2012.0,262.0,3.0,Centre-Nord,GPS,R,8.428864,2.360138,0.1851851851851851,50.0,0.0,0.0,82.05128205128204
261,CI201200000263,CI,2012.0,263.0,1.0,Centre,GPS,R,6.999824,0.819742,0.2222222222222222,80.90452261306532,8.542713567839195,43.373493975903614,50.0
262,CI201200000264,CI,2012.0,264.0,11.0,Ville D'Abidjan,GPS,U,5.355459,0.52825,0.2,100.0,49.07407407407408,40.42553191489361,29.72972972972973
263,CI201200000265,CI,2012.0,265.0,7.0,Nord-Ouest,GPS,R,7.848514,0.423993,0.4166666666666667,14.338235294117649,0.0,0.0,82.05128205128204
264,CI201200000266,CI,2012.0,266.0,1.0,Centre,GPS,R,7.147241,0.58361,0.1304347826086956,23.239436619718308,2.112676056338028,7.608695652173914,68.18181818181817
265,CI201200000267,CI,2012.0,267.0,3.0,Centre-Nord,GPS,R,7.48433,0.701247,0.1923076923076923,85.13513513513513,2.702702702702702,0.0,85.71428571428571
266,CI201200000268,CI,2012.0,268.0,7.0,Nord-Ouest,GPS,R,8.655233,0.326931,0.0555555555555555,70.49180327868852,12.568306010928962,0.0,94.5945945945946
267,CI201200000269,CI,2012.0,269.0,11.0,Ville D'Abidjan,GPS,U,5.441884,2.532213,0.4545454545454545,100.0,37.5,74.64788732394366,47.22222222222222
268,CI201200000270,CI,2012.0,270.0,7.0,Nord-Ouest,GPS,R,8.324337,0.45263,0.0869565217391304,69.76744186046511,0.0,100.0,96.66666666666669
269,CI201200000271,CI,2012.0,271.0,8.0,Ouest,GPS,R,6.749754,1.33085,0.1538461538461538,55.35714285714286,2.380952380952381,9.210526315789473,64.51612903225806
270,CI201200000272,CI,2012.0,272.0,4.0,Centre-Ouest,GPS,U,6.288669,2.509104,0.1666666666666666,97.74436090225564,7.518796992481203,34.375,96.29629629629628
271,CI201200000273,CI,2012.0,273.0,6.0,Nord-Est,GPS,R,9.006113,0.890016,0.2857142857142857,33.78378378378378,0.0,0.0,90.69767441860463
272,CI201200000274,CI,2012.0,274.0,5.0,Nord,GPS,R,9.019182,1.258987,0.0434782608695652,83.96946564885496,0.7633587786259541,0.0,100.0
273,CI201200000275,CI,2012.0,275.0,9.0,Sud sans Abidjan,GPS,R,5.889878,1.00766,0.0,25.165562913907287,1.3245033112582782,6.25,61.90476190476191
274,CI201200000276,CI,2012.0,276.0,11.0,Ville D'Abidjan,GPS,U,5.426858,2.331422,0.0833333333333333,66.87116564417178,12.269938650306749,70.58823529411765,52.63157894736842
275,CI201200000277,CI,2012.0,277.0,11.0,Ville D'Abidjan,GPS,U,5.289794,1.787946,0.1111111111111111,100.0,19.852941176470587,7.317073170731707,48.71794871794872
276,CI201200000278,CI,2012.0,278.0,7.0,Nord-Ouest,GPS,R,10.120234,0.454299,0.15625,95.14563106796116,28.155339805825243,0.0,96.66666666666669
277,CI201200000279,CI,2012.0,279.0,10.0,Sud-Ouest,GPS,U,4.782652,0.866857,0.2222222222222222,100.0,68.25396825396825,47.368421052631575,20.930232558139537
278,CI201200000280,CI,2012.0,280.0,7.0,Nord-Ouest,GPS,R,8.532476,0.266873,0.1935483870967742,79.25311203319502,0.0,3.954802259887006,94.82758620689656
279,CI201200000281,CI,2012.0,281.0,7.0,Nord-Ouest,GPS,R,8.175881,0.380932,0.2826086956521739,50.199203187250994,13.94422310756972,10.919540229885058,79.16666666666666
280,CI201200000282,CI,2012.0,282.0,10.0,Sud-Ouest,GPS,R,5.722199,0.464424,0.4,84.14634146341463,24.390243902439025,23.684210526315788,26.666666666666668
281,CI201200000283,CI,2012.0,283.0,3.0,Centre-Nord,GPS,U,7.723106,0.824683,0.0714285714285714,100.0,13.761467889908255,38.80597014925373,66.66666666666666
282,CI201200000284,CI,2012.0,284.0,11.0,Ville D'Abidjan,GPS,U,5.309836,1.489598,0.25,100.0,19.51219512195122,46.774193548387096,11.76470588235294
283,CI201200000285,CI,2012.0,285.0,2.0,Centre-Est,GPS,U,6.668623,0.211064,0.5555555555555556,73.15436241610739,46.97986577181208,0.0,38.095238095238095
284,CI201200000286,CI,2012.0,286.0,11.0,Ville D'Abidjan,GPS,U,5.470056,2.547888,0.375,100.0,72.0,32.25806451612903,20.0
285,CI201200000287,CI,2012.0,287.0,7.0,Nord-Ouest,GPS,U,8.492828,0.168512,0.2222222222222222,93.77990430622008,10.194174757281552,0.0,75.67567567567568
286,CI201200000288,CI,2012.0,288.0,11.0,Ville D'Abidjan,GPS,U,5.433715,2.717997,0.4285714285714285,99.0,23.157894736842103,6.451612903225806,39.130434782608695
287,CI201200000289,CI,2012.0,289.0,4.0,Centre-Ouest,GAZ,R,6.222643,0.865592,0.0,66.66666666666666,12.76595744680851,29.33333333333333,38.46153846153847
288,CI201200000290,CI,2012.0,290.0,5.0,Nord,GPS,U,9.620986,1.048604,0.1666666666666666,89.14728682170544,56.58914728682171,2.272727272727273,37.03703703703704
289,CI201200000291,CI,2012.0,291.0,8.0,Ouest,GPS,R,7.310776,1.240615,0.25,59.76331360946746,10.365853658536585,86.95652173913044,28.000000000000004
290,CI201200000292,CI,2012.0,292.0,5.0,Nord,GPS,U,9.475539,0.12136,0.0,89.28571428571429,3.7037037037037033,75.0,45.0
291,CI201200000293,CI,2012.0,293.0,2.0,Centre-Est,GPS,U,6.728283,0.293533,0.25,86.53846153846155,17.307692307692307,28.07017543859649,53.84615384615385
292,CI201200000294,CI,2012.0,294.0,1.0,Centre,MIS,R,0.0,0.540319,0.25,25.471698113207548,2.8301886792452837,0.0,73.33333333333333
293,CI201200000295,CI,2012.0,295.0,1.0,Centre,GPS,R,7.356549,0.753483,0.2058823529411764,72.92576419213974,0.0,0.0,60.0
294,CI201200000296,CI,2012.0,296.0,4.0,Centre-Ouest,GPS,U,6.875244,1.615911,0.2222222222222222,95.91836734693877,55.10204081632652,83.80952380952381,20.588235294117645
295,CI201200000297,CI,2012.0,297.0,8.0,Ouest,GPS,R,6.980409,1.743993,0.1764705882352941,19.78609625668449,5.347593582887701,0.0,55.55555555555556
296,CI201200000298,CI,2012.0,298.0,10.0,Sud-Ouest,GPS,U,4.784051,0.739655,0.0714285714285714,97.196261682243,5.607476635514018,22.448979591836736,33.33333333333333
297,CI201200000299,CI,2012.0,299.0,1.0,Centre,GPS,U,6.808249,0.754413,0.0,96.1038961038961,24.516129032258064,100.0,23.07692307692308
298,CI201200000300,CI,2012.0,300.0,8.0,Ouest,GPS,R,6.591973,0.81534,0.3333333333333333,37.735849056603776,4.245283018867925,0.0,30.303030303030305
299,CI201200000301,CI,2012.0,301.0,6.0,Nord-Est,GPS,U,9.804642,0.186987,0.2,91.78082191780824,13.6986301369863,0.0,77.77777777777779
300,CI201200000302,CI,2012.0,302.0,11.0,Ville D'Abidjan,GPS,U,5.302406,1.487801,0.2727272727272727,100.0,78.63247863247864,89.13043478260869,43.75
301,CI201200000303,CI,2012.0,303.0,11.0,Ville D'Abidjan,GPS,U,5.451838,1.757309,0.2222222222222222,97.24137931034484,55.172413793103445,21.62162162162162,30.76923076923077
302,CI201200000304,CI,2012.0,304.0,10.0,Sud-Ouest,GPS,U,5.793563,1.048273,0.25,92.13483146067416,34.831460674157306,30.303030303030305,34.78260869565217
303,CI201200000305,CI,2012.0,305.0,9.0,Sud sans Abidjan,GPS,R,5.419648,1.140833,0.1818181818181818,45.66929133858268,24.40944881889764,13.79310344827586,46.15384615384615
304,CI201200000306,CI,2012.0,306.0,2.0,Centre-Est,GPS,R,6.981778,0.753711,0.375,0.0,2.127659574468085,0.0,78.94736842105263
305,CI201200000307,CI,2012.0,307.0,5.0,Nord,GPS,U,9.581625,0.819211,0.0833333333333333,100.0,35.294117647058826,27.94117647058824,46.15384615384615
306,CI201200000308,CI,2012.0,308.0,6.0,Nord-Est,GPS,R,8.232849,1.054275,0.1034482758620689,60.24844720496895,6.211180124223603,1.5625,83.33333333333334
307,CI201200000309,CI,2012.0,309.0,5.0,Nord,GPS,R,9.334246,0.343558,0.2222222222222222,98.50746268656717,0.0,0.0,96.29629629629628
308,CI201200000310,CI,2012.0,310.0,7.0,Nord-Ouest,GPS,R,7.963581,0.185171,0.1363636363636363,69.51219512195121,0.0,100.0,96.55172413793105
309,CI201200000311,CI,2012.0,311.0,11.0,Ville D'Abidjan,GPS,U,5.304897,1.666501,0.4736842105263157,75.40983606557377,0.0,45.0,58.333333333333336
310,CI201200000312,CI,2012.0,312.0,2.0,Centre-Est,GPS,R,6.855113,0.044629,0.1111111111111111,17.307692307692307,2.564102564102564,11.224489795918368,58.333333333333336
311,CI201200000313,CI,2012.0,313.0,11.0,Ville D'Abidjan,GPS,U,5.351028,1.691611,0.125,100.0,57.14285714285714,50.0,42.42424242424242
312,CI201200000314,CI,2012.0,314.0,6.0,Nord-Est,GPS,R,7.917465,0.423402,0.0,77.16535433070865,0.0,0.0,60.0
313,CI201200000315,CI,2012.0,315.0,9.0,Sud sans Abidjan,MIS,R,0.0,3.248917,0.0714285714285714,89.47368421052632,11.403508771929824,2.272727272727273,76.92307692307693
314,CI201200000316,CI,2012.0,316.0,3.0,Centre-Nord,GAZ,U,7.668009,0.690053,0.3333333333333333,92.1875,54.16666666666666,20.437956204379564,40.0
315,CI201200000317,CI,2012.0,317.0,11.0,Ville D'Abidjan,GPS,U,5.368037,1.65681,0.1666666666666666,100.0,19.84126984126984,40.20618556701031,50.0
316,CI201200000318,CI,2012.0,318.0,3.0,Centre-Nord,GPS,U,7.70272,0.645891,0.3333333333333333,84.40366972477065,38.53211009174312,25.86206896551724,61.90476190476191
317,CI201200000319,CI,2012.0,319.0,4.0,Centre-Ouest,GPS,R,7.522481,0.912149,0.0,66.33165829145729,8.040201005025125,1.818181818181818,88.0
318,CI201200000320,CI,2012.0,320.0,6.0,Nord-Est,GPS,R,8.156803,0.418508,0.2142857142857142,82.97872340425532,11.702127659574469,0.0,61.53846153846154
319,CI201200000321,CI,2012.0,321.0,10.0,Sud-Ouest,GPS,R,5.443351,3.674307,0.074074074074074,55.55555555555556,0.0,44.44444444444444,60.0
320,CI201200000322,CI,2012.0,322.0,3.0,Centre-Nord,GPS,R,7.553035,0.443543,0.2777777777777778,92.71255060728744,19.4331983805668,0.0,72.3404255319149
321,CI201200000323,CI,2012.0,323.0,10.0,Sud-Ouest,GPS,R,5.212399,0.844601,0.25,15.306122448979592,5.1020408163265305,18.96551724137931,72.72727272727273
322,CI201200000324,CI,2012.0,324.0,3.0,Centre-Nord,GPS,U,8.119737,0.381641,0.0,96.85534591194968,100.0,59.523809523809526,36.58536585365854
323,CI201200000325,CI,2012.0,325.0,4.0,Centre-Ouest,GPS,R,6.897381,2.017176,0.2,42.07650273224044,0.0,25.0,65.625
324,CI201200000326,CI,2012.0,326.0,10.0,Sud-Ouest,GPS,R,6.015397,0.834811,0.0909090909090909,35.0,0.0,0.0,80.95238095238095
325,CI201200000327,CI,2012.0,327.0,5.0,Nord,GPS,R,9.313311,0.353845,0.2666666666666666,88.0794701986755,11.258278145695364,0.0,100.0
326,CI201200000328,CI,2012.0,328.0,5.0,Nord,GPS,U,9.520201,0.506551,0.1666666666666666,97.01492537313432,39.55223880597015,5.172413793103448,59.09090909090909
327,CI201200000329,CI,2012.0,329.0,11.0,Ville D'Abidjan,GPS,U,5.32557,2.084765,0.5454545454545454,97.14285714285714,31.428571428571427,44.5945945945946,46.42857142857143
328,CI201200000330,CI,2012.0,330.0,3.0,Centre-Nord,MIS,R,0.0,0.526487,0.0294117647058823,33.6405529953917,0.0,0.0,89.1891891891892
329,CI201200000331,CI,2012.0,331.0,7.0,Nord-Ouest,GPS,R,9.969462,0.680533,0.075,67.56756756756756,31.98198198198198,0.0,79.48717948717949
330,CI201200000332,CI,2012.0,332.0,4.0,Centre-Ouest,GPS,U,6.910636,3.397639,0.3333333333333333,93.91304347826087,6.086956521739131,0.0,78.26086956521739
331,CI201200000333,CI,2012.0,333.0,2.0,Centre-Est,GPS,U,7.13254,0.296419,0.0,100.0,54.11764705882353,26.38888888888889,29.166666666666668
332,CI201200000334,CI,2012.0,334.0,6.0,Nord-Est,GPS,U,8.061268,0.274353,0.0769230769230769,100.0,72.79411764705883,52.77777777777778,36.66666666666666
333,CI201200000335,CI,2012.0,335.0,11.0,Ville D'Abidjan,GPS,U,5.263146,1.70015,0.0625,96.96969696969695,8.080808080808081,72.72727272727273,60.86956521739131
334,CI201200000336,CI,2012.0,336.0,10.0,Sud-Ouest,GPS,R,5.159627,0.756123,0.0952380952380952,13.461538461538462,0.0,0.0,59.375
335,CI201200000337,CI,2012.0,337.0,11.0,Ville D'Abidjan,GPS,U,5.314762,1.695482,0.0555555555555555,100.0,45.6,30.76923076923077,48.71794871794872
336,CI201200000338,CI,2012.0,338.0,9.0,Sud sans Abidjan,GPS,R,6.438871,2.453264,0.0909090909090909,90.76923076923076,18.461538461538463,0.0,33.33333333333333
337,CI201200000339,CI,2012.0,339.0,3.0,Centre-Nord,GPS,U,8.348632,0.628665,0.0,64.1025641025641,33.33333333333333,1.5625,50.0
338,CI201200000340,CI,2012.0,340.0,2.0,Centre-Est,GPS,R,6.55913,0.08502,0.35,77.82426778242679,0.0,0.0,90.9090909090909
339,CI201200000341,CI,2012.0,341.0,2.0,Centre-Est,GPS,U,7.125679,0.464548,0.0,100.0,19.51219512195122,9.45945945945946,55.00000000000001
340,CI201200000342,CI,2012.0,342.0,3.0,Centre-Nord,MIS,R,0.0,0.770854,0.054054054054054,65.27777777777779,6.481481481481481,0.0,71.875
341,CI201200000343,CI,2012.0,343.0,2.0,Centre-Est,GPS,U,6.728393,0.331017,0.25,100.0,10.2803738317757,13.541666666666666,46.15384615384615
342,CI201200000344,CI,2012.0,344.0,11.0,Ville D'Abidjan,GPS,U,5.284774,0.305687,0.25,98.34710743801654,96.69421487603306,61.98347107438017,11.76470588235294
343,CI201200000345,CI,2012.0,345.0,7.0,Nord-Ouest,MIS,R,0.0,0.358948,0.125,100.0,0.0,0.0,89.47368421052632
344,CI201200000346,CI,2012.0,346.0,6.0,Nord-Est,GAZ,U,7.813661,0.23691,0.2631578947368421,76.51515151515152,29.545454545454547,26.0,42.10526315789473
345,CI201200000347,CI,2012.0,347.0,3.0,Centre-Nord,GPS,U,7.684719,1.107114,0.0526315789473684,79.36507936507937,48.41269841269841,29.310344827586203,63.1578947368421
346,CI201200000348,CI,2012.0,348.0,4.0,Centre-Ouest,GPS,R,6.361619,1.532898,0.1333333333333333,73.40425531914893,16.48936170212766,8.403361344537815,54.83870967741935
347,CI201200000349,CI,2012.0,349.0,1.0,Centre,GPS,R,6.987534,0.537444,0.1627906976744186,65.13157894736842,22.36842105263158,100.0,59.25925925925925
348,CI201200000350,CI,2012.0,350.0,2.0,Centre-Est,GPS,U,7.136385,0.299906,0.2727272727272727,83.54430379746836,11.39240506329114,10.0,56.25
349,CI201200000351,CI,2012.0,351.0,4.0,Centre-Ouest,GPS,R,6.658221,1.270933,0.3478260869565217,93.84615384615384,9.230769230769232,8.333333333333332,37.5
350,CI201200000352,CI,2012.0,352.0,3.0,Centre-Nord,GPS,U,7.69501,0.604654,0.1111111111111111,94.48818897637796,22.83464566929134,28.35820895522388,37.93103448275862
